pair_id,label_lipid_disorder,narrative_current,parsed_prediction,reasoning,true_str
3924,0,"- Diagnoses made: Subendocardial infarction, initial episode of care; Other complications due to other cardiac device, implant, and graft; Ulcer of other part of foot; Coronary atherosclerosis of native coronary artery; Diabetes mellitus without mention of complication, type II or unspecified type, not stated as uncontrolled
- Medications prescribed: Eptifibatide; Valsartan; Atorvastatin; D5W; DopAmine; SW; Heparin Sodium; Haloperidol; Captopril; Insulin; 1/2 NS; Atropine Sulfate; Quetiapine Fumarate; Cefpodoxime Proxetil; Metoprolol; Clopidogrel Bisulfate; Acetaminophen; Docusate Sodium; Senna; Amiodarone HCl; Sodium Chloride 0.9%  Flush; D5 1/2NS; Aspirin; Heparin; NS; Digoxin; Magnesium Oxide
- Procedures performed: Percutaneous transluminal coronary angioplasty [PTCA]; Procedure on single vessel; Combined right and left heart cardiac catheterization; Coronary arteriography using two catheters",Yes,"The current record explicitly documents Coronary atherosclerosis and the prescription of Atorvastatin, which is a lipid-lowering agent, supporting an existing lipid disorder as per the demonstration cases.

Prediction: Yes
Probability: 0.81
Reasoning: The current record documents Coronary atherosclerosis and the prescription of Atorvastatin, which is a lipid-lowering agent, supporting an existing lipid disorder as per the demonstration cases.",No
2651,1,"- Diagnoses made: Subdural hemorrhage following injury without mention of open intracranial wound, with no loss of consciousness; Pneumonitis due to inhalation of food or vomitus; Atrial fibrillation; Hypoxemia; Congestive heart failure, unspecified; Other pulmonary insufficiency, not elsewhere classified; Diseases of tricuspid valve; Aortic valve disorders; Volume depletion, unspecified; Compression of brain; Altered mental status; Unspecified essential hypertension; [ICD9-DX:7845]; Other chronic pulmonary heart diseases; Late effect of complications of surgical and medical care; Mononeuritis of unspecified site; Other specified surgical operations and procedures causing abnormal patient reaction, or later complication, without mention of misadventure at time of operation; Accidents occurring in unspecified place; Personal history of benign neoplasm of the brain; Long-term (current) use of anticoagulants; Personal history of other diseases of circulatory system; Unspecified fall; Nontoxic multinodular goiter
- Medications prescribed: Phenytoin Sodium; NS; Dextrose 5%; Levofloxacin; Acetaminophen; Docusate Sodium; Senna; Atenolol; Sodium Chloride 0.9%  Flush; MetRONIDAZOLE (FLagyl); LR; Neutra-Phos; Phenytoin; Potassium Chloride; Ranitidine; Magnesium Sulfate; Guaifenesin; Cetylpyridinium Chl (Cepacol); Zolpidem Tartrate; Potassium Chl 20 mEq / 1000 mL NS; Gabapentin; Bisacodyl; Oxycodone-Acetaminophen; Morphine Sulfate; Milk of Magnesia; Furosemide; Heparin; NS (Glass Bottle); Phytonadione; Lorazepam; Albuterol 0.083% Neb Soln
- Procedures performed: Transfusion of other serum",No,"The current visit record documents multiple cardiovascular and pulmonary issues, but lacks explicit evidence of hyperlipidemia, hypercholesterolemia, or lipid-lowering treatment to support a diagnosis of Disorders of Lipid Metabolism.",Yes
3279,0,"- Diagnoses made: Atherosclerosis of autologous vein bypass graft of the extremities; Acute posthemorrhagic anemia; Diabetes mellitus without mention of complication, type II or unspecified type, not stated as uncontrolled; Unspecified essential hypertension
- Medications prescribed: Potassium Chloride; Insulin; Oxycodone-Acetaminophen; Heparin Sodium; Furosemide; Warfarin; D5W; Senna; Docusate Sodium; Bisacodyl; Magnesium Sulfate; Enoxaparin Sodium; Pantoprazole Sodium; Nitroglycerin Ointment  2%; Morphine Sulfate; LR; Vial; Isotonic Sodium Chloride; Vancomycin HCl; Iso-Osmotic Dextrose; Gentamicin; Insulin Human Regular; NS; Heparin Flush CVL  (100 units/ml); Aspirin; Lisinopril; Metoprolol XL (Toprol XL); Simvastatin; Clopidogrel Bisulfate; Diltiazem Extended-Release; GlyBURIDE; MetFORMIN (Glucophage); Lyrica; Pantoprazole
- Procedures performed: Other revision of vascular procedure; Repair of blood vessel with tissue patch graft",Yes,"The current record documents the prescription of Simvastatin and the diagnosis of Atherosclerosis, which are explicit evidence of active lipid disorder management and a related condition.",No
9350,0,"- Diagnoses made: Acute respiratory failure; Subendocardial infarction, initial episode of care; Acute kidney failure, unspecified; Pneumonia, organism unspecified; Acidosis; Tobacco use disorder; Morbid obesity; Diabetes mellitus without mention of complication, type II or unspecified type, not stated as uncontrolled; Unspecified essential hypertension; Other diseases of lung, not elsewhere classified; Enlargement of lymph nodes
- Medications prescribed: Levofloxacin; Heparin Sodium; PredniSONE; MetFORMIN (Glucophage); GlyBURIDE; Loperamide; Quinapril; Insulin; Oseltamivir; 0.9% Sodium Chloride; Iso-Osmotic Dextrose; CeftriaXONE; 1/2 NS; Insulin Human Regular; Heparin; 5% Dextrose; Dextrose 5%; Albuterol 0.083% Neb Soln; Atorvastatin; Metoprolol Tartrate; Glucagon; Aspirin; Ipratropium Bromide Neb; Dextrose 50%; Syringe; Pantoprazole; Fluticasone-Salmeterol Diskus (250/50)
- Procedures performed: None recorded",Yes,"The current visit record explicitly documents the prescription of Atorvastatin, a lipid-lowering medication, alongside diagnoses of Morbid obesity and Diabetes mellitus, which together suggest active management of a lipid disorder, consistent with the patterns in Demonstration Case 2.",No
8194,0,"- Diagnoses made: Unspecified septicemia; Septic shock; Acute venous embolism and thrombosis of deep vessels of proximal lower extremity; Acute vascular insufficiency of intestine; Peritonitis (acute) generalized; [ICD9-DX:9974]; Paralytic ileus; Severe sepsis; Removal of other organ (partial) (total) causing abnormal patient reaction, or later complication, without mention of misadventure at time of operation; Osteoporosis, unspecified; Long-term (current) use of steroids; Polymyalgia rheumatica; Rheumatoid arthritis; Unspecified essential hypertension
- Medications prescribed: Calcium Carbonate; PredniSONE; Multivitamins; Hydroxychloroquine Sulfate; Atorvastatin; Estrogens Conjugated; Furosemide; Potassium Chloride; Acetaminophen; Warfarin; Neutra-Phos; Ondansetron; Lisinopril; Atenolol; Vancomycin; Iso-Osmotic Dextrose; Magnesium Sulfate; Calcium Gluconate; SW; NS; NIFEdipine; HYDROmorphone (Dilaudid); DiphenhydrAMINE; Fluconazole; Erythromycin; Lidocaine 5% Patch; TraMADOL (Ultram); Insulin; Buprenorphine HCl; Dextrose 50%; Enoxaparin Sodium; Ferrous Sulfate; Losartan Potassium; Pyridoxine HCl; Actonel; Ferrous Sulfate (Liquid); Pantoprazole; Haloperidol; Sodium Bicarbonate; Morphine Sulfate; Lorazepam; D5W; D5 1/2NS; Heparin Flush CVL  (100 units/ml); Metoprolol; Amino Acids 4.25% W/ Dextrose 5%; Zolpidem Tartrate; Hydrocortisone Na Succ.; Multivitamin IV; Famotidine
- Procedures performed: Open and other right hemicolectomy; Other permanent ileostomy; Transfusion of packed cells; Infusion of vasopressor agent; Venous catheterization, not elsewhere classified; Parenteral infusion of concentrated nutritional substances; Continuous invasive mechanical ventilation for 96 consecutive hours or more; Insertion of endotracheal tube",Yes,"The current visit record documents multiple signals suggestive of a lipid disorder, including the prescription of Atorvastatin and the presence of Unspecified essential hypertension, which supports the likelihood of a coded diagnosis in the next visit, similar to Case 2.",No
6369,0,"- Diagnoses made: Diabetes with ketoacidosis, type I [juvenile type], uncontrolled; Diabetes with renal manifestations, type I [juvenile type], uncontrolled; [ICD9-DX:585]; Diabetes with ophthalmic manifestations, type I [juvenile type], uncontrolled; Background diabetic retinopathy; Diabetes with neurological manifestations, type I [juvenile type], uncontrolled; Polyneuropathy in diabetes; Bell's palsy; Ulcer of other part of foot
- Medications prescribed: None recorded
- Procedures performed: Hemodialysis",Yes,"The current record documents multiple uncontrolled diabetic conditions, which are strongly associated with lipid abnormalities, although no explicit lipid diagnosis is present. The pattern in Demonstration Case 2 shows that uncontrolled diabetes/related conditions can lead to a 'Yes' outcome.

Prediction: Yes
Probability: 0.81
Reasoning: The current record documents multiple uncontrolled diabetic conditions, which are strongly associated with lipid abnormalities, although no explicit lipid diagnosis is present. The pattern in Demonstration Case 2 shows that uncontrolled diabetes/related conditions can lead to a 'Yes' outcome.",No
2777,0,"- Diagnoses made: Pneumonitis due to inhalation of food or vomitus; Acute on chronic diastolic heart failure; Quadriplegia, unspecified; Congestive heart failure, unspecified; Multiple sclerosis; Encephalopathy, unspecified; Epilepsy, unspecified, without mention of intractable epilepsy; Unspecified essential hypertension; Esophageal reflux; Legal blindness, as defined in U.S.A.; Central sleep apnea in conditions classified elsewhere
- Medications prescribed: CloniDINE; Albuterol 0.083% Neb Soln; Ipratropium Bromide Neb; Oxybutynin; Furosemide; Ondansetron; Glycerin Supps; Fluconazole; 1/2 NS; Levofloxacin; Lactulose; LaMOTrigine; MetRONIDAZOLE (FLagyl); Sodium Chloride 0.9%  Flush; LeVETiracetam; Heparin; Fentanyl Patch; Carvedilol; Omeprazole; Ascorbic Acid; Docusate Sodium; Senna; Calcium Carbonate; Simvastatin; Brimonidine Tartrate 0.15% Ophth.
- Procedures performed: None recorded",Yes,"The current visit record explicitly documents the prescription of Simvastatin and Brimonidine Tartrate, which are lipid-lowering agents, alongside diagnoses of Congestive heart failure and Esophageal reflux. This aligns with the pattern in Demonstration Case 2, where lipid abnormalities were present alongside other documented conditions.",No
10310,0,"- Diagnoses made: Diaphragmatic hernia without mention of obstruction or gangrene; Chronic diastolic heart failure; Unspecified pleural effusion; Congestive heart failure, unspecified; Unspecified essential hypertension; Other and unspecified hyperlipidemia; Personal history of malignant neoplasm of breast
- Medications prescribed: Pantoprazole Sodium; 0.9% Sodium Chloride; Magnesium Sulfate; SW; Vial; LR; DiphenhydrAMINE; HYDROmorphone (Dilaudid); Ondansetron; Meperidine; Haloperidol; Potassium Chloride; Prochlorperazine; Morphine Sulfate; Furosemide; Promethazine HCl; Nitroglycerin SL; Sodium Chloride 0.9%  Flush; Docusate Sodium; Pantoprazole; Colchicine; Valsartan; Amlodipine; Aspirin; Calcium Carbonate; Atorvastatin; Heparin; Acetaminophen; Neutra-Phos; OxycoDONE-Acetaminophen Elixir
- Procedures performed: Laparoscopic repair of diaphragmatic hernia, abdominal approach; Laparoscopic procedures for creation of esophagogastric sphincteric competence; Other gastroscopy",Yes,"The current visit record explicitly documents ""Other and unspecified hyperlipidemia"" as a diagnosis, and the patient is prescribed ""Atorvastatin,"" which supports active management of a lipid disorder as per the demonstration cases.",No
