pair_id,label_lipid_disorder,narrative_current
7287,1,"- Diagnoses made: Pneumococcal septicemia [Streptococcus pneumoniae septicemia]; Pneumococcal pneumonia [Streptococcus pneumoniae pneumonia]; Obstructive chronic bronchitis with (acute) exacerbation; [ICD9-DX:5185]; Acidosis; Septic shock; Acute posthemorrhagic anemia; Accidental puncture or laceration during a procedure, not elsewhere classified; Hyposmolality and/or hyponatremia
- Medications prescribed: Haloperidol; Metoprolol; Olanzapine; Prednisone; Atenolol; Salmeterol Xinafoate Diskus (50 mcg); Insulin; SW; Potassium Chloride; Heparin Flush PICC (100 units/ml); Amlodipine; NS; Metoclopramide; Methylprednisolone Na Succ.; Ipratropium Bromide Neb; Magnesium Sulfate; Fentanyl Citrate; D5W; Furosemide; Nitroglycerin; Calcium Gluconate; Midazolam HCl; Lactulose; Albuterol Neb Soln; Lisinopril; Syringe (IV Room); Sertraline HCl; Lansoprazole; Lorazepam; Clonazepam; Ondansetron; Imipramine HCl; Olanzapine (Disintegrating Tablet); Levofloxacin; Nystatin Oral Suspension; Iso-Osmotic Dextrose; Ceftriaxone; Guaifenesin; Succinylcholine; Etomidate; Propofol (Generic); Albuterol-Ipratropium; Lansoprazole Oral Suspension; Albuterol; Dextrose 5%; Vancomycin HCl; Pantoprazole Sodium; Heparin Flush CVL  (100 units/ml); Docusate Sodium (Liquid); Ipratropium Bromide MDI
- Procedures performed: Venous catheterization, not elsewhere classified; Insertion of endotracheal tube; Continuous invasive mechanical ventilation for 96 consecutive hours or more; Enteral infusion of concentrated nutritional substances; Fiber-optic bronchoscopy; Arterial catheterization; Transfusion of packed cells"
1734,1,"- Diagnoses made: Acute respiratory failure; Pneumonia due to respiratory syncytial virus; Congestive heart failure, unspecified; Diastolic heart failure, unspecified; Pure hypercholesterolemia; Depressive disorder, not elsewhere classified; Esophageal reflux; Iron deficiency anemia, unspecified
- Medications prescribed: Aspirin; Clonazepam; Sertraline HCl; Albuterol 0.083% Neb Soln; Ipratropium Bromide Neb; Potassium Chloride; Azithromycin; Furosemide; Magnesium Oxide; Mirapex; Sodium Chloride 0.9%  Flush; Heparin Flush CVL  (100 units/ml); Acetaminophen; Heparin; Lisinopril; Sinemet; Tasmar; Atorvastatin; Amantadine; Docusate Sodium; Lactulose; Pantoprazole
- Procedures performed: Venous catheterization, not elsewhere classified"
4689,0,"- Diagnoses made: Unspecified septicemia; Unspecified viral hepatitis C with hepatic coma; Urinary tract infection, site not specified; Hyposmolality and/or hyponatremia; Hematemesis; Acute kidney failure, unspecified; Other and unspecified coagulation defects; Pneumonitis due to inhalation of food or vomitus; Sepsis; Alcoholic cirrhosis of liver; Other and unspecified alcohol dependence, in remission; Chronic kidney disease, unspecified; Other emphysema; Iron deficiency anemia secondary to blood loss (chronic); Stricture and stenosis of esophagus; Thrombocytopenia, unspecified; Open wound of tongue and floor of mouth, without mention of complication; Human bite; Accidents occurring in residential institution; Unspecified schizophrenia, unspecified
- Medications prescribed: NS; Albuterol; Ipratropium Bromide MDI; SW; Propofol; D5W; Magnesium Sulfate; MetRONIDAZOLE (FLagyl); Octreotide Acetate; Iso-Osmotic Dextrose; Piperacillin-Tazobactam Na; Heparin Flush CVL  (100 units/ml); Vancomycin; Vial; Pantoprazole Sodium; Lactulose; Rifaximin; Sodium Chloride 0.9%  Flush; Ferrous Sulfate (Liquid); Potassium Chloride; Heparin; Furosemide; Heparin Flush PICC (100 units/ml); Spironolactone; CefePIME; Lidocaine Jelly 2% (Urojet); Olanzapine; Pantoprazole; Phytonadione; Neutra-Phos
- Procedures performed: Continuous invasive mechanical ventilation for less than 96 consecutive hours; Insertion of endotracheal tube; Arterial catheterization; Transfusion of other serum; Transfusion of packed cells; Venous catheterization, not elsewhere classified"
9815,0,"- Diagnoses made: Other pulmonary embolism and infarction; Pneumonia, organism unspecified; Acute kidney failure, unspecified; Malignant neoplasm of upper lobe, bronchus or lung; Secondary malignant neoplasm of bone and bone marrow; [ICD9-DX:7863]; Acute venous embolism and thrombosis of deep vessels of proximal lower extremity; Other disorders of neurohypophysis; Hemorrhage of gastrointestinal tract, unspecified; Other specified cardiac dysrhythmias; Other esophagitis; Late effect of radiation; Radiological procedure and radiotherapy as the cause of abnormal reaction of patient, or of later complication, without mention of misadventure at time of procedure; Nonspecific abnormal results of function study of liver; Hematuria, unspecified; Anemia, unspecified; Insomnia, unspecified; Personal history of other lymphatic and hematopoietic neoplasms; Encounter for palliative care
- Medications prescribed: traZODONE; Cyanocobalamin; Sodium Chloride Nasal; Neutra-Phos; Mirtazapine; Pantoprazole; FoLIC Acid; Dexamethasone; Pemetrexed; CARBOplatin; 5% Dextrose; 0.9% Sodium Chloride; Prochlorperazine; Lorazepam; Ondansetron; Potassium Phosphate; Zolpidem Tartrate; Calcium Replacement (Oncology); Bisacodyl; Calcium Gluconate; Maalox/Diphenhydramine/Lidocaine; Acetaminophen; Iso-Osmotic Dextrose; CefePIME; Vancomycin; 0.9% Sodium Chloride (Mini Bag Plus); Metoprolol Tartrate; Metoclopramide; Magnesium Sulfate; Potassium Chloride Replacement (Oncology); SW; Polyethylene Glycol; Lactulose; D5 1/2NS; Codeine Sulfate; Zoledronic Acid; PACLItaxel (TaxOL); 5% Dextrose (EXCEL BAG); Ampicillin-Sulbactam; Iso-Osmotic Sodium Chloride; DiphenhydrAMINE; Famotidine; Vial; Filgrastim; Sodium Chloride 0.9%  Flush; Potassium Chloride; ChlorproMAZINE; OxycoDONE (Immediate Release); Benzonatate; Heparin Sodium
- Procedures performed: Interruption of the vena cava; Injection or infusion of cancer chemotherapeutic substance; Fiber-optic bronchoscopy; Other lavage of bronchus and trachea"
